ACV5520249C4,10201,ACK403614NW9,91149,Limitada
AEV1847520V0,10231,ADT246909IB4,86908,Amplia
AFT8990792N8,10528,AFK211790LU4,84167,Amplia
AGH1077223U1,10733,ALN658101RM1,89288,Limitada
AQX2699493F5,11184,ANK392126HP1,52921,Amplia
AUU9037988A7,11648,APS457984DD8,53249,Limitada
AZA2763080V1,12441,APZ016027PF0,89884,Limitada
BEA3345987T3,12621,ARI259885RO0,83675,Amplia
BEE1524962R4,13265,ASD879926GI8,29769,Amplia
BJR2979734V2,13914,AVW907078IC8,62178,Amplia
BPT0500646B0,14458,BBP454807DR2,59351,Amplia
BTH6805847C5,16784,BGG148321PI2,95419,Limitada
BTL0068507P5,16810,BIW350007XW2,39230,Amplia
BUU0331002F4,17461,BLG940793WT6,77260,Amplia
BWM3877838H4,17780,BND301178KM8,58249,Amplia
BWW6314670J0,18258,BPP559572YR4,97029,Limitada
BXI8282235F9,19248,BSU089274SC7,76728,Limitada
CAJ7598668N2,20037,BTI312970FB5,10088,Amplia
CEI7620251X3,20322,CAP274511QR5,93043,Amplia
CLA3652430R5,21463,CEE901297WW7,16721,Amplia
CLV1666194M6,22017,CIL705894LZ5,78369,Amplia
CYH2612586C6,23244,CJG156905RW2,41611,Amplia
DIS5194198X6,25466,CUF660987JY2,53852,Limitada
DKY2768858Y8,26040,CYA859622LO2,93259,Limitada
DLP4916661F1,26288,DCP638635BD7,73555,Amplia
DSX9588388D5,27252,DFN634169YT5,55047,Amplia
DYP5812351O9,28921,DHZ436614HN1,46616,Limitada
DZD8868895U1,29979,DID717519WG8,46352,Limitada
ECX8827186Y5,30198,DRF914229ZI8,79829,Limitada
ECZ4056034K0,30694,DZK235142AG2,25850,Amplia
EIW7043298X0,30730,DZP213726PG6,28594,Amplia
EMW5045085C4,31215,EGC106813MB8,24476,Limitada
ETM9288287Q2,31720,EGG991261NL3,78021,Limitada
FAD9748433J6,32525,EGV543084BG8,10833,Limitada
FAF6870014U4,32632,EJN378735BN4,19651,Amplia
FAK8483612Q2,33189,ENW271389HG6,73978,Limitada
FBB9543061C4,33786,ERE091894RS6,59064,Amplia
FDA7716493Q1,34300,EWG787121MO6,97701,Limitada
FEG8082693O7,35141,EXK928303HT3,44378,Limitada
FEJ0451653N5,35193,FEL168856CX3,30314,Limitada
FIX4997251N7,36024,FYE304611FS0,25689,Amplia
FPP5986014N2,36238,GAP043285LU9,38206,Amplia
FWP4684092K5,36786,GCN198824HA1,41851,Limitada
GAI9257498O7,37478,GDC953817AV8,84700,Amplia
GEJ1854295Q4,38755,GJX305253NY1,18974,Limitada
GIX7527747K1,38913,GLG786036DJ1,14146,Amplia
GKD4364547Z5,39691,GNP994259XY0,91998,Limitada
GNQ4436627N6,39948,GQE551180WB3,38249,Limitada
GOO3678952U3,40551,GWX057891GU1,53477,Limitada
GQX0066365V4,40749,GXG611708FQ5,75655,Amplia
GWG3354329Q2,41615,GXJ700876WE0,66793,Amplia
GXJ6300177I7,42418,GYA321728KH9,54973,Amplia
GYY4742919J6,43340,GZH732367JY0,43894,Amplia
HKC3908093F7,43661,HFO550623DS5,14572,Amplia
HLA9462287P9,44169,HJT736372MF2,23430,Limitada
HPT5989428D5,44217,HST501873FN7,60187,Amplia
HSG7569069X9,46294,HUH105042GY3,66569,Amplia
HXN0303797V2,46326,HWX281969OH2,79795,Amplia
IGG8764322V1,46647,IAA407343LH5,20417,Amplia
IIS5530306T5,47287,IAT516202XR1,86662,Amplia
IRS8106607E6,48316,IOV176970PF2,58992,Limitada
JGS3537400M6,49834,JBY702686EE6,64576,Amplia
JJN2712177K1,49847,JDB942495DZ0,97183,Limitada
JJQ2881143B4,49975,JKF758072GS8,73493,Amplia
JKV1524857C2,50102,JMN171964XX5,52610,Amplia
JLC2067193N8,50261,JQX765132VY3,22643,Amplia
JLF0876624I2,50334,JRK841178NB5,29005,Amplia
JMD5437984D6,50412,JTI922856NP0,84667,Limitada
JPA1376463T3,51144,JVT311038GO3,11682,Amplia
JRX6660943W9,51487,JWT174804RW4,88410,Amplia
JUV0620889B0,51775,JXB561540LE0,97885,Limitada
JVQ2832051J9,52336,KAM497895DX6,41362,Limitada
KAN0374833J2,52794,KHY561955BV9,82385,Amplia
KCX1452458C7,53841,KWX488642WN8,93623,Limitada
KJG8315151E7,54695,LBU760509JN9,88638,Amplia
KLW4758879E7,54712,LDV427387AU9,86586,Amplia
KRY3242705J3,55380,LEZ002430KB3,34448,Amplia
KRZ6120354Z7,55439,LFA710820FF0,80051,Amplia
KSJ8505357H5,55898,LFY719114HO2,29450,Limitada
LCU0608877H1,56265,LIJ548376QW6,46769,Limitada
LEH6489788U9,56460,LJI451351OP1,10373,Amplia
LHI6112193R2,57057,LMQ776130FB9,95536,Amplia
LKS8287995L6,57166,LPT813931TN2,87721,Amplia
LNW0543102W1,57460,LZL870712JK4,12385,Limitada
LPY7403876A8,57646,MKW130427HP0,35263,Amplia
LSL1794627C7,57676,MLT320981US7,66273,Amplia
LTU9658715E6,57783,MMH200895OY8,12458,Limitada
LZW6729100B0,57974,MPO739941LU2,48710,Limitada
MDM4663081Q5,58140,MRQ302535ND4,77717,Amplia
MET3995236L9,58382,MSY770762JM0,32637,Amplia
MHP0642429I5,58566,MWK743465TB3,98457,Amplia
MIX6500334Z9,60550,NAY502001FX8,81618,Limitada
MJY2828451C3,62161,NHZ468391UY5,91872,Amplia
MNA5175377S4,62269,OHK044124LE2,63647,Amplia
MNK8971847A9,62768,OLF360871PJ0,24084,Amplia
MOW6536929X7,63157,OLK062399DJ2,17547,Amplia
MQC9090107G2,63799,OMC736118SB7,65664,Amplia
MRO0785255F4,64162,OUV974186GG1,38450,Amplia
MRV2403860H8,64981,OYG870631HI7,39070,Amplia
NCA0939396R0,65093,OZM670582WO2,91332,Amplia
NDS9278705W7,65128,PAC449667RD2,62895,Amplia
NJR7358373T9,65168,PBT702760MH6,63317,Amplia
NKK6098997R7,65806,PHU786775AD1,92057,Amplia
NPX7488485I9,66100,PKT464747OA7,21782,Amplia
NSP4276344P5,66702,PUQ982825GQ3,63673,Amplia
NSP8658888C9,66988,PXB635614QY3,40438,Limitada
NVH4877001A9,68113,QBS019417KN6,12188,Amplia
NZV6470690R3,68677,QIM161222FL1,51896,Limitada
OBW8126457J9,69134,QKK595646IR0,33741,Limitada
ODZ0757779Y4,69381,QLO466515IV3,83471,Amplia
OFJ7932135L9,69660,QOR570786SZ2,91866,Limitada
OJZ8669147A1,70174,QZU702557IJ8,45381,Amplia
OMP4345510P4,71344,REA882519IN2,46965,Limitada
OSV5826034N3,71938,REZ887649ZZ0,37226,Limitada
OYU3006062X3,72142,RNT576622RU1,84264,Limitada
OZZ9037116I0,72183,ROT642123YX7,37734,Amplia
PAH3958715W1,72649,RVI641352FA0,31850,Amplia
PDF6983635B6,72732,RVW938233CY4,56206,Limitada
PHB5603956Z0,72744,RZZ959459FK2,99644,Amplia
PKI0996391Z9,74416,SDW677705OY7,34532,Limitada
PTY7953903T9,74694,SGM863098YJ7,30379,Limitada
PUL3346815I9,74919,SMS866269MN0,19421,Limitada
PWH4023715K6,75152,SNQ153440NQ8,43120,Limitada
PWI5739775B5,75548,SRK636977AU8,99298,Amplia
QAW2360244Y0,76326,SXQ246836ZJ4,83266,Limitada
QCE5160974V9,76439,SZE940743ZN9,73972,Amplia
QGG8370499O2,77067,TAS432735OT8,96530,Limitada
QGQ6199132N4,77131,TBC293703PB7,97076,Limitada
QIQ0425973X3,77583,TBJ083803AS9,74415,Amplia
QOY1999507K3,77728,TFV129311VC7,88249,Limitada
QPL0651112W5,79451,TJZ300207HS6,47988,Amplia
RCD4007499Q0,79959,TUA248964AQ0,54665,Amplia
RNA7337250L2,80900,TWF654888QQ6,37169,Amplia
RWJ0159289Y7,81136,TYK530087WF3,56187,Amplia
RWM1728057K1,81232,UEV054484XM5,73551,Amplia
RYU3368135C1,81580,UHA993848QI4,60010,Limitada
SGI3281133W3,82174,UMC511106KI7,24532,Limitada
STK0012994O0,82478,UOC171408UZ8,80017,Limitada
TAG1043293L6,83341,URW158957RJ2,12038,Limitada
TKF3675863P8,83420,UWL915696CB8,76465,Amplia
TLG0432523M9,83618,UXJ806669AZ5,32943,Amplia
TRJ5167154B9,84391,UYL939757QL8,89689,Limitada
TTD7304664U0,85203,VDE287285NA3,99999,Limitada
TUW8388207D5,86870,VGA944521VI8,59883,Amplia
TVM0827064T4,87122,VKB207907AO6,22350,Limitada
UBR4126548J1,88396,VLO548981DK9,35476,Limitada
UEN7186319F9,88441,VNO426157DU5,99097,Limitada
UGY2744200Y4,88660,VQO439249RA8,43655,Limitada
UHC1686076B6,88964,VWV874186LC2,98784,Limitada
UPG0983958Q6,89159,WDU058779ZU5,70248,Limitada
URQ0719212J7,89865,WEB336615ZP5,61641,Amplia
USH5466257G7,89951,WFD543314JD9,59438,Amplia
USI1640988E7,89955,WGM172314WW9,45863,Amplia
UXE2516355R8,90049,WJT073962ZE9,78547,Limitada
UYM6877431X1,90340,WNI130057FR9,51041,Limitada
VCL0717919G6,90715,WST698734OB9,73407,Amplia
VDD6236277L7,92243,WTJ138723NJ3,40448,Limitada
VDQ9578074J1,92843,WZB917353XH0,77141,Amplia
VIL5768045R4,93408,XMH703352II4,21834,Amplia
VJO6853808I7,93919,XMY111608IR5,56266,Amplia
VKA0730289T2,94102,XNP790409AN7,19535,Amplia
VLO4873761C6,94490,YHA215620OR4,99107,Limitada
VMY0200195Y8,94655,YIC910412NU4,14552,Amplia
VOJ6132015L8,94901,YPX548816QU3,48256,Amplia
VTC0166258C8,95083,YSA967121NO1,73553,Amplia
VVA7300263V4,95245,YUO757919LK1,67007,Limitada
