rfc,id_persona
ACK403614NW9,RV9650
ADT246909IB4,OV3505
AFK211790LU4,PE4929
ALN658101RM1,JY2484
ANK392126HP1,SA4992
APS457984DD8,ZA0780
APZ016027PF0,WM6820
ARI259885RO0,JX8556
ASD879926GI8,BZ2551
AVW907078IC8,HY5658
AXU187622DL8,VJ8010
BBP454807DR2,LB0858
BGG148321PI2,IA1376
BIW350007XW2,MK6326
BLG940793WT6,TD5429
BND301178KM8,LG9753
BPP559572YR4,LQ9717
BSU089274SC7,MP2813
BTI312970FB5,ZL6635
CAP274511QR5,UF8429
CEE901297WW7,FO8034
CIL705894LZ5,KM3583
CJG156905RW2,QG5143
CRT677877MF8,FC5304
CUF660987JY2,RL6148
CYA859622LO2,OT1115
DCP638635BD7,LK6506
DFN634169YT5,AX7193
DHZ436614HN1,CU0440
DID717519WG8,WV2461
DNW645081OD7,KQ6185
DRF914229ZI8,FW3771
DZK235142AG2,RX6426
DZP213726PG6,BH2134
EGC106813MB8,MW8720
EGG991261NL3,GI7705
EGV543084BG8,XQ7140
EJN378735BN4,VF1339
ENW271389HG6,MC5535
ERE091894RS6,QG3590
EWG787121MO6,JL1672
EXK928303HT3,WJ7941
FEL168856CX3,UK3044
FLT060749WF4,WS6378
FYE304611FS0,PW4091
GAP043285LU9,LD7921
GCN198824HA1,OC9187
GDC953817AV8,VC6980
GIQ255045BE7,TF7635
GIS046072NZ1,DW4781
GJX305253NY1,DJ1528
GKF014822OW2,OA8095
GLG786036DJ1,EQ7863
GNP994259XY0,YJ9445
GQE551180WB3,IM9109
GWX057891GU1,MA3343
GXG611708FQ5,OJ3150
GXJ700876WE0,ID1095
GYA321728KH9,OJ5381
GZH732367JY0,HA5482
HFO550623DS5,FZ4748
HJT736372MF2,YW8432
HKX376237DE3,SI8935
HST501873FN7,CZ0047
HUH105042GY3,DT1509
HWX281969OH2,RB1475
IAA407343LH5,RG7044
IAT516202XR1,DR9754
IIM884160YJ9,BV9335
IOA442158FY1,IH1650
IOV176970PF2,QY3785
ITO948456DE1,XW5737
JBL705973QU5,SC5514
JBY702686EE6,BV8537
JDB942495DZ0,QV8624
JKF758072GS8,DX7746
JMN171964XX5,QO1021
JQX765132VY3,HS9497
JRK841178NB5,CN9788
JTI922856NP0,EQ0849
JVT311038GO3,WD6907
JWT174804RW4,EV8860
JXB561540LE0,FD2350
KAM497895DX6,UM5698
KCU014178GH7,MF6154
KHY561955BV9,NQ0327
KRC205729XL9,KT2778
KTK024447FZ6,DN5230
KWX488642WN8,XQ6050
KYA773645CC0,EB0011
LBU760509JN9,HE8127
LDV427387AU9,GS8036
LEZ002430KB3,TY8506
LFA710820FF0,MF3999
LFY719114HO2,LG2153
LIJ548376QW6,QT3616
LJI451351OP1,WX8236
LMQ776130FB9,RH2608
LPT813931TN2,HZ8638
LZL870712JK4,NX3282
MKW130427HP0,AY2325
MLT320981US7,MR6773
MMH200895OY8,QB3817
MPO739941LU2,VR0984
MRQ302535ND4,KO0434
MSY770762JM0,CX4047
MWK743465TB3,ZY8284
NAY502001FX8,PM2704
NDT028546ZJ6,PW1511
NHZ468391UY5,HE0853
OHK044124LE2,ZG2253
OLF360871PJ0,CA6614
OLK062399DJ2,ZP9643
OMC736118SB7,IR3500
OUV974186GG1,WI9379
OYG870631HI7,DS9090
OYY376229RG3,HQ4005
OZM670582WO2,DN2194
PAC449667RD2,HC4094
PBT702760MH6,WT7063
PHU786775AD1,JR0545
PKT464747OA7,HR2793
PQY843067KJ4,XI2094
PUQ982825GQ3,IT1330
PXB635614QY3,DY9864
QBS019417KN6,HB3695
QIM161222FL1,BG6582
QKK595646IR0,YX5209
QLO466515IV3,YN5765
QOR570786SZ2,OA3103
QZU702557IJ8,RZ4926
RBE504682WX7,JN1837
REA882519IN2,IQ1823
REZ887649ZZ0,DR3112
RNT576622RU1,TG7019
ROT642123YX7,TX3545
RVI641352FA0,ON2373
RVW938233CY4,NE8734
RZZ959459FK2,IQ2163
SBE028222IE1,XJ1935
SDW677705OY7,OH0709
SGM863098YJ7,PU5722
SMS866269MN0,AS0541
SNQ153440NQ8,RN1519
SRK636977AU8,GY9592
SXQ246836ZJ4,HK6374
SZE940743ZN9,SO7434
TAS432735OT8,WJ7321
TBC293703PB7,UN4979
TBJ083803AS9,DE8704
TFV129311VC7,CW5472
TJZ300207HS6,JL1080
TNZ313666FY0,PN8009
TUA248964AQ0,SA6283
TWF654888QQ6,SJ7894
TYK530087WF3,FG9756
UEV054484XM5,PN5751
UHA993848QI4,PA3171
UII493545XQ4,PK1754
UMC511106KI7,PR3743
UOC171408UZ8,OB9113
URW158957RJ2,FQ9492
UWL915696CB8,RK3373
UXJ806669AZ5,TT0446
UYL939757QL8,YL5982
VCM697326PK7,LH0935
VDE287285NA3,IW4106
VGA944521VI8,ZB7884
VKB207907AO6,DQ0964
VLO548981DK9,LF2144
VNO426157DU5,VK7013
VQO439249RA8,YK5622
VWV874186LC2,ZC1152
WDU058779ZU5,RM3779
WEB336615ZP5,UQ5360
WFD543314JD9,UI3650
WGM172314WW9,HK4114
WJT073962ZE9,RW1390
WNI130057FR9,WZ2763
WST698734OB9,QY4960
WTJ138723NJ3,GT9211
WZB917353XH0,FO4824
XMH703352II4,JW0100
XMY111608IR5,IB4296
XNP790409AN7,WZ1643
YHA215620OR4,WD7260
YIC910412NU4,YK5147
YPX548816QU3,WM0218
YSA967121NO1,MF2798
YUO757919LK1,AC8031
YXC625913NP1,BG4348
YXK118160DU1,YX8310
ZBA162057KP3,ZS3982
ZLI813946WR0,EH4831
ZNI192595ZW9,SX9771
ZNX541085CT3,DW1093
ZVR468112YV3,CY2961
ZYC307223TR7,LR6173
ZZA755051YA7,OC8875
ZZV927761UV8,HY3883
